{"cameraMode":{"drawMode":0,"name":"Shaded","section":"Shading Mode"},"sceneLighting":true,"audioPlay":false,"sceneViewState":{"m_AlwaysRefresh":false,"showFog":true,"showSkybox":true,"showFlares":true,"showImageEffects":true,"showParticleSystems":true,"showVisualEffectGraphs":true,"m_FxEnabled":true},"in2DMode":false,"pivot":{"x":29.550559997558595,"y":-15.539063453674317,"z":7.826584815979004},"rotation":{"x":-0.40430647134780886,"y":-0.30217671394348147,"z":0.14352530241012574,"w":-0.8512598872184753},"size":27.055858612060548,"orthographic":false}