{"cameraMode":{"drawMode":0,"name":"Shaded","section":"Shading Mode"},"sceneLighting":true,"audioPlay":false,"sceneViewState":{"m_AlwaysRefresh":false,"showFog":true,"showSkybox":true,"showFlares":true,"showImageEffects":true,"showParticleSystems":true,"showVisualEffectGraphs":true,"m_FxEnabled":true},"in2DMode":false,"pivot":{"x":15.640000343322754,"y":1.7773810625076295,"z":-6.708828926086426},"rotation":{"x":-0.38642022013664248,"y":0.34711790084838869,"z":-0.15978914499282838,"w":-0.839445173740387},"size":52.937862396240237,"orthographic":false}