{"cameraMode":{"drawMode":0,"name":"Shaded","section":"Shading Mode"},"sceneLighting":false,"audioPlay":false,"sceneViewState":{"m_AlwaysRefresh":false,"showFog":true,"showSkybox":false,"showFlares":true,"showImageEffects":true,"showParticleSystems":true,"showVisualEffectGraphs":true,"m_FxEnabled":true},"in2DMode":false,"pivot":{"x":2.384185791015625e-7,"y":1.5248922109603882,"z":0.08117103576660156},"rotation":{"x":-0.19274306297302247,"y":-0.4591822326183319,"z":0.10278552025556565,"w":-0.8610800504684448},"size":2.7489399909973146,"orthographic":false}